full_name,email,linkedin_url,sport,graduation_year,company,role,industry,location
Zach Strong,,https://www.linkedin.com/in/zstrong,Football,2019,,Hiring and recruiting exceptional ...,Technology,"Kennesaw, Ga."
Zsofia Szegletes,,https://www.linkedin.com/in/zsofia-szegletes,Women's Rowing,2019,,Biological Engineering Ph.D. Candidate ...,Healthcare,"Ithaca, N.Y."
Zoe Lequeux,,https://www.linkedin.com/in/zlequeux,Women's Volleyball,2019,,PhD- Advanced Polymer Scientist I ...,Technology,"Portland, Ore."
Yelizaveta Sapozhnikov,,https://www.linkedin.com/in/yelizaveta-sapozhnikov-66687b88,Fencing,2019,,Medical Student: University of ...,Healthcare,"Sudbury, Mass."
Yelizaveta  Sapozhnikov,,https://www.linkedin.com/in/yelizaveta-sapozhnikov-66687b88,Fencing,2019,,Medical Student: University of ...,Healthcare,"Sudbury, Mass."
Yelena Chak,,https://www.linkedin.com/in/yelena-chak-356315145,Softball,1997,,Executive Vice President and Head ...,Media,"Watertown, Conn."
William Enneking,,https://www.linkedin.com/in/williamenneking,Football,2023,,Cornell University Chemical ...,Education,"Sussex, Wis."
William Gilbert,wgilbert@bhsusa.com,https://www.linkedin.com/in/william-gilbert-a1a094136,Baseball,2023,Bhsusa,Licensed Real Estate Agent on the Jay K. ...,Real Estate,"New York, N.Y."
Will Carnevale,,https://www.linkedin.com/in/will-carnevale-39853b1b9,Men's Soccer,2025,,Operations Research and Information ...,Technology,"Pittsburgh, Pa."
Wayne Berger,,https://www.linkedin.com/in/wayne-berger-b369b912,Rowing,1988,,Educational Consultant & High ...,Media,"Williamstown, Mass."
Vince Formica,,https://www.linkedin.com/in/vincent-formica-5625502b,Men's Track And Field,2012,,Business Operations and Logistics ...,Manufacturing,"Chalfont, Pa."
Vincent Brunetti,,https://www.linkedin.com/in/vince-a-brunetti,Men's Soccer,2017,,Vice President - Mortgage Finance & ...,Finance,"Wyckoff, N.J."
Victoria Hansen,,https://www.linkedin.com/in/victoriaa-hansen,Women's Rowing,2025,Technology Investment Bank,Technology Investment Banking Analyst ...,Finance,"San Francisco, Calif."
Victoria Capobianco,,https://www.linkedin.com/in/victoria-capobianco-8210561b5,Women's Cross Country,2024,,Cornell University graduate and ...,Education,"Scarsdale, N.Y."
Vanzel Burnett,,https://www.linkedin.com/in/vanzelburnett,Men's Track And Field,2020,,"Opportunities Don't Just Happen, You ...",,"Davie, Fla."
Udoka Eze,,https://www.linkedin.com/in/udokaeze,Men's Track And Field,2017,,Product Manager | Specialized in Mechanical ...,Technology,"Lewisburg, Pa."
Udeme Akpaete,,https://www.linkedin.com/in/udeme-akpaete-6a6b1395,Women's Track And Field,2016,,"Consultant, Technology & Professional ...",Consulting,"Silver Spring, Md."
Tyler Davis,,https://www.linkedin.com/in/tylertydavis,Rowing,2007,,Passionate conservationist and travel ...,Technology,"Mercer Island, Wash."
Tyler Fisher,,https://www.linkedin.com/in/tylerfisher12,Men's Cross Country,2019,Senior Systems,"Senior Systems Engineer, Product Owner & ...",Technology,"Port Charlotte, Fla."
Tye Chirico,,https://www.linkedin.com/in/tye-chirico,Football,2025,Graduated from Cornell University,Graduated from Cornell University as ...,Education,"Highlands Ranch, Colo."
Tucker Maggio,,https://www.linkedin.com/in/tuckermaggio,Football,2014,CX orgs use tools ...,Helping great CX orgs use tools ...,Technology,"Penngrove, Calif."
Trevor MacMeekin,,https://www.linkedin.com/in/trevormacmeekin,Football,2005,,Helping others navigate life's ...,,"Phoenix, Md."
Trent Shore,,https://www.linkedin.com/in/trent-shore-48487210b,Men's Ice Hockey,2019,,"Manager, Specialty Tax, Transfer Pricing ...",Consulting,"Ajax, Ontario"
Tredarin Crumbley,,https://www.linkedin.com/in/tredarin-crumbley-958546112,Sprint Football,2018,,"History Major, China Asia-Pacific ...",Consulting,
Tory Frank,,https://www.linkedin.com/in/toryfrankcanfield,Womens Rowing,1993,,Sustainability and City Planning ...,,"Ocean View, NJ"
Tony Bandanza,,https://www.linkedin.com/in/tonybandanza,Baseball,2009,,Partnerships Leader | Sales & Account ...,Technology,Chicago
Tony Norwood,,https://www.linkedin.com/in/tony-norwood-4039604,Football,1989,,Executive Vice President and Chief ...,,"Ft. Wayne, Ind."
Brad Bush,,https://www.linkedin.com/in/toddamckinley,Baseball,1993,,Commander American Legion ...,Consulting,"Ypsilanti, Mich."
Trevin Cowman,,https://www.linkedin.com/in/tlcowman,Football,2010,,"Engineer Bridging Design, Integration, ...",Technology,"Kingston, Pa."
Tim McDermott,timmcdermott6@gmail.com,https://www.linkedin.com/in/timmcdermott2,Football,1995,,"President, Philadelphia Union and ...",Media,"West Chester, PA"
Tim Randall,,https://www.linkedin.com/in/tim-randall-008a509,Men's Lacrosse,2008,Director of Financial,"Director of Financial Aid, Associate ...",Education,"Penfield, N.Y."
Thomas Kunkler,,https://www.linkedin.com/in/thomas-kunkler-bb1594221,Rowing,2025,,Undergraduate Information Sciences ...,Education,"Wilmette, Ill."
Theresa Grace  Mbanefo,,https://www.linkedin.com/in/tgmbanefo,Womens Basketball,2022,,Federal Reserve Bank of ...,Technology,
Terry Koza,,https://www.linkedin.com/in/terry-koza-86408aa,Football,1996,,AI Agents Driving Exceptional Customer & ...,Technology,"Mendham, N.J."
Terrance Caldwell,,https://www.linkedin.com/in/terrance-caldwell-aa1a89201,Football,2025,,Cornell University Alum (Graduated ...,Education,"Murrieta, Calif."
Taylor Wilson,,https://www.linkedin.com/in/taylor-wilson-4b508b60,Men's Swimming And Diving,2014,,"Vice President, Product Development & ...",Technology,"Johnson City, Tenn."
Taylor Moore,,https://www.linkedin.com/in/taylor-moore-cfa-46334023,Wrestling,2009,,Managing Director/Portfolio ...,Finance,"Kansas City, MO"
Taylor Kotas,,https://www.linkedin.com/in/taylor-kotas,Women's Lacrosse,2017,,Accelerating our Clients' Growth through Tax ...,Finance,"Sunnyvale, Calif."
Taylor Flynn,tflynn@lighthousepartners.com,https://www.linkedin.com/in/taylor-flynn-44853857,Women's Basketball,2013,Lighthousepartners,"Managing Director, Head of Portfolio ...",Finance,"Floral Park, N.Y."
Taylor  Flynn,,https://www.linkedin.com/in/taylor-flynn-44853857,Womens Basketball,2013,,"Managing Director, Head of Portfolio ...",Technology,"Floral Park, N.Y."
Tasha Hall,,https://www.linkedin.com/in/tashahall,Fencing,2010,,Brand Strategy for 2028 Olympic and ...,Sports,"Los Angeles, Calif."
Simon Hartt,,https://www.linkedin.com/in/swh73,Rowing,2020,,"Catalytic Risk Managers, a DUAL ...",Technology,"San Diego, Calif."
Sumner Roberts,,https://www.linkedin.com/in/sumnerroberts,Sprint Football,2025,,Fmr. Harris-Walz Staffer and White ...,Government,New York
Stu Homan,,https://www.linkedin.com/in/stu-homan3448,Football,2007,,"Head of Markmonitor, Vice President & ...",Technology,"Meridian, Idaho"
Stone Gettings,,https://www.linkedin.com/in/stone-gettings-833559103,Men's Basketball,2019,,Pro hoops and helping open source AI ...,Sports,"Malibu, Calif."
Steven Wexler,,https://www.linkedin.com/in/steven-wexler-09244327,Men's Track And Field,2012,,"VP/Managing Director, Head of ...",,New York
Steven Julian,,https://www.linkedin.com/in/steven-julian-a390b6157,Men's Basketball,2019,,Financial Advisor/ District Leader with ...,Finance,"Louisville, K.Y."
Stephanie Long,,https://www.linkedin.com/in/stephlong14,Women's Basketball,2014,,"Growth, Marketing, Product. Working on ...",Technology,
Stephen Pawlak,,https://www.linkedin.com/in/stephen-pawlak-85b9136b,Men's Track And Field,2015,Investment Analyst - Harpswell Capital,Investment Analyst - Harpswell Capital ...,Finance,"Stow, Mass."
Stephanie Menke,,https://www.linkedin.com/in/stephaniemenke,Women's Rowing,2012,,Chief Strategy and Real Estate Officer ...,Real Estate,"Flemington, N.J."
Stephanie Comon,,https://www.linkedin.com/in/stephaniecomon,Women's Volleyball,2010,,LA28 Olympic and Paralympic ...,Sports,"Redondo Beach, Calif."
Steph Casella,,https://www.linkedin.com/in/stephanie-c-harvey,Field Hockey,2009,,Experienced Product Marketing ...,Consulting,"Rutland, Vt."
Stephanie Brownstein,,https://www.linkedin.com/in/stephanie-brownstein-b9181a11,Field Hockey,2009,,"Assistant Scientist, Research ...",Healthcare,"Gahanna, Ohio"
Stacey Lengyel,,https://www.linkedin.com/in/stacey-lengyel-43569223,Softball,1995,,"Adjunct Faculty, Department of ...",Consulting,"Medfield, Mass."
Spenser Souza,,https://www.linkedin.com/in/spenser-souza-md-msc-60099245,Baseball,2014,,Facial Plastic and ...,Healthcare,"Spenser Souza, MD"
Spenser Gruenenfelder,,https://www.linkedin.com/in/spenser-gruenenfelder,Sprint Football,2014,,Themed Entertainment Team ...,Media,"Gainesville, Ga."
Sophie Harlam,sophie.harlam@alloy.ai,https://www.linkedin.com/in/sophie-harlam,Equestrian,2019,Alloy,Senior Customer Success ...,,Denver
Sophia Scazzero,,https://www.linkedin.com/in/sophia-scazzero-121378119,Women's Gymnastics,2016,,Bringing strategy to life through smart ...,,"Chicago, Ill."
Sloane Fleming-Hickey,,https://www.linkedin.com/in/sloane-fleming-hickey-500620279,Women's Track And Field,2025,,B.A in Government from Cornell ...,Government,"Wilmington, N.C."
Skylar Carfi,,https://www.linkedin.com/in/skylarcarfi,Sprint Football,2016,,Experienced Front End Software Engineer ...,Technology,San Francisco
Shreemann Raghavan,,https://www.linkedin.com/in/shreemann-raghavan,Men's Squash,2025,,"Student Athlete, Applied ...",Sports,"Chennai, India"
Shaileen Crawford,,https://www.linkedin.com/in/shaycrawford,Womens Rowing,1996,,Transformational Leader in K‚Äì12 CS ...,,Boston
Shawn Nautel,,https://www.linkedin.com/in/shawnnautel,Wrestling,1996,,Sales / Commercial Operations ...,Technology,"Niskayuna, N.Y."
Shannon Tierney,,https://www.linkedin.com/in/shannonlangton,Women's Lacrosse,2013,,Grooming Digital Commerce ...,,Boston
Shannon Fitzgerald,,https://www.linkedin.com/in/shannonfitzgeralddawkins,Womens Cross Country,1999,,Veterinarian and founder of Dr ...,,"Palisades, NY"
Shannon Stough,,https://www.linkedin.com/in/shannon-stough,Women's Rowing,2014,,"Associate Director, Digital Campaign ...",Technology,"Palmer, Alaska"
Shannon Hugard,,https://www.linkedin.com/in/shannon-hugard-73396011b,Women's Cross Country,2018,,"PhD Student, Bowerman Sports ...",Sports,"Middletown, R.I."
Sean Miller,,https://www.linkedin.com/in/sean-miller-8b937866,Football,2016,,Global Enterprise Account Executive-Named ...,Technology,San Francisco
Scott Fava,,https://www.linkedin.com/in/scott-fava-7948325,Mens Tennis,2001,,Helping New Yorkers Buy & Sell Homes with ...,,New York
Sarah Rogalski,,https://www.linkedin.com/in/sarah-rogalski-6090571b9,Field Hockey,2025,,Recent Graduate and Student-Athlete ...,Education,
Sarah Icke,,https://www.linkedin.com/in/sarah-icke-61433532,Women's Swimming And Diving,2013,Director - Asset Management - Atlas Capital,Director - Asset Management - Atlas Capital ...,Finance,"Vancouver, B.C."
Samantha Hare,,https://www.linkedin.com/in/samantha-hare-71268a22,Softball,2008,,SVP Marketing & Analytics - LA Sports ...,Sports,"Gillette, N.J."
Samantha Burke,samantha.burke@case.edu,https://www.linkedin.com/in/samantha-burke-2737b3186,Women's Ice Hockey,2022,Case Western Reserve University,Case Western Reserve University ...,Education,"Eden Prairie, Minn."
Saidu Ezike,,https://www.linkedin.com/in/saidu-ezike-a0659421,Men's Track And Field,2008,Educational Consulting,Educational Consulting/Leadership ...,Consulting,"Staten Island, N.Y."
Sabrina Martin,,https://www.linkedin.com/in/sabrina-m-martin,Men's Rowing,2023,,Advancing Public Innovation through ...,Technology,"Palo Alto, Calif."
Ryan Wagner,,https://www.linkedin.com/in/ryanwagner6,Football,2005,,Creating and building datasets for Media ...,Technology,"Coral Springs, Fla."
Ryan Moynihan,,https://www.linkedin.com/in/ryanmoynihan1,Mens Ice Hockey,2000,,"Practice Building Laser Specialist (CT, ...",Technology,"Andover, Mass."
Ryan Blattenberger,,https://www.linkedin.com/in/ryanblattenberger,Football,1994,,Advancing the mission of patient ...,Healthcare,"Ephrata, Pa."
Ryan Woolley,,https://www.linkedin.com/in/ryan-woolley,Women's Track And Field,2014,,Senior Director of Public ...,Technology,"St. James, N.Y."
Ryan Watters,,https://www.linkedin.com/in/ryan-watters-lcsw-cadc-811710137,Men's Soccer,2019,,Therapist & Practice ...,Healthcare,Chicago
Ryan Krainz,,https://www.linkedin.com/in/ryan-krainz-908770129,Baseball,2019,,Business Analyst | Turning Data into Real- ...,Consulting,"Naperville, Ill."
Ryan Karl,,https://www.linkedin.com/in/ryan-karl,Baseball,2016,,Relationship Manager with Value ...,Finance,New York
Ryan Juliano,,https://www.linkedin.com/in/ryan-juliano-b3833124,Sprint Football,2006,Building a Fractional Law,Building a Fractional Law Department for ...,Law,"Oceanside, N.Y."
Ryan Hurley,,https://www.linkedin.com/in/ryan-hurley-9b30ab15,Men's Lacrosse,2010,,Account Manager Timberline Marketing ...,Consulting,"Eagan, Minn."
Ryan Biesecker,,https://www.linkedin.com/in/ryan-biesecker-6518b881,Rowing,2015,,"Pricing, Forecasting, and Revenue ...",Technology,"Bethesda, Md."
Danielle Scott,,https://www.linkedin.com/in/ruthnnelson,Women's Gymnastics,2011,,Founder BYOP¬Æ / GoKids Youth Sports‚Ñ¢ ...,Sports,"Vauxhall, N.J."
Ross Blankenship,,https://www.linkedin.com/in/rossblankenship,Rowing,2005,,"Tech Investor, Real Estate Developer ...",Technology,"Texarkana, Texas"
Rose Gorski,,https://www.linkedin.com/in/rose-gorski,Field Hockey,2020,,Director of Operations & Business ...,Manufacturing,New York
Ron Tryon,,https://www.linkedin.com/in/rontryon,Mens Basketball,1984,,"Co-Founder & CFO | Helping Gamers, Day ...",,"Elmira, N.Y."
Rohan Ukhade,,https://www.linkedin.com/in/rohan-ukhade-483342211,Men's Track And Field,2024,,Materials Science and Engineering PhD ...,Education,"Phoenix, Ariz."
Robert Richard,rrichardmd@aol.com,https://www.linkedin.com/in/robert-richard-547a0838,Football,1989,,Medical Director -- The Center for ...,Healthcare,"Flowery Branch, GA"
Rick Sacchetti,,https://www.linkedin.com/in/rick-sacchetti,Mens Ice Hockey,2000,,"Area Vice President, US Commercial East ...",Technology,"No. Chelmsford, Mass."
Richie Kenney,,https://www.linkedin.com/in/richiekenney,Football,2021,Merrill Lynch Wealth,Merrill Lynch Wealth ...,Finance,Atlanta
Jamie Greubel,,https://www.linkedin.com/in/richard-bowman-0296a188,Women's Track And Field,2006,,The Alan B. '53 and Elizabeth Heekin ...,,"Newton, Pa"
Melissa Hewitt,,https://www.linkedin.com/in/richard-bowman-0296a188,Women's Track And Field,2012,,The Alan B. '53 and Elizabeth Heekin ...,,"Brampton, Ontario"
Victoria Imbesi,,https://www.linkedin.com/in/richard-bowman-0296a188,Women's Track And Field,2013,,The Alan B. '53 and Elizabeth Heekin ...,Media,"Estell Manor, N.J."
Katie Kellner,,https://www.linkedin.com/in/richard-bowman-0296a188,Women's Cross Country,2013,,The Alan B. '53 and Elizabeth Heekin ...,,"West Windsor, N.J."
Rachel Sorna,,https://www.linkedin.com/in/richard-bowman-0296a188,Women's Cross Country,2014,,The Alan B. '53 and Elizabeth Heekin ...,,"Hopewell Junction, N.Y."
Jeomi Maduka,,https://www.linkedin.com/in/richard-bowman-0296a188,Women's Track And Field,2009,,The Alan B. '53 and Elizabeth Heekin ...,,"Arlington, Texas"
Rhys Hammond,,https://www.linkedin.com/in/rhys-hammond-09a9521b8,Men's Cross Country,2024,,Brooks Running | UW (MSBA '25) & ...,Sports,Seattle
Reinna Gabriel,,https://www.linkedin.com/in/reinna-gabriel,Women's Soccer,2025,Registered Wealth Management,Registered Wealth Management Client ...,Finance,"Menifee, Calif."
Reid Pauly,,https://www.linkedin.com/in/reid-pauly-306b755,Rowing,2010,,Dean's Assistant Professor of Nuclear Security ...,Education,"Toronto, Ont."
Regina Walton,,https://www.linkedin.com/in/regina-walton-dietetic-intern,Women's Gymnastics,2024,,Dietetic Intern | Virginia Commonwealth ...,Healthcare,"Thomasville, Pa."
Rebecca Snow,,https://www.linkedin.com/in/rebeccasnow89,Women's Rowing,2012,,Flower Farmer/Owner of ...,Technology,"Tully, N.Y."
Rashad Campbell,,https://www.linkedin.com/in/rashadcampbell,Football,2012,,Empowering 50000+ athletes to ...,Sports,"Cheltenham, Pa."
Randy Barbour,,https://www.linkedin.com/in/randy-barbour-jr-phd-mba-939b1a21,Football,2010,,Director of Multicultural ...,Technology,"Huntsville, Ala."
Randal Sokolik,,https://www.linkedin.com/in/randal-sokolik-3337504,Football,1973,,Retired- Now - Liberty and the pursuit of ...,Consulting,"New Milford, N.J."
Rachel Padula,,https://www.linkedin.com/in/rachelpadula,Women's Rowing,2019,,"Performance Manager, Fleet Sales ...",Technology,"Niskayuna, N.Y."
Preston Puleo,,https://www.linkedin.com/in/prestonpuleo,Rowing,2010,,Commercial real estate investment ...,Real Estate,Boston
Phoebe Price-Roberts,,https://www.linkedin.com/in/phoebe-price-roberts,Women's Track And Field,2023,,University of Toronto Masters of ...,Education,"Lake Country, British Columbia"
Philippe Marguet,,https://www.linkedin.com/in/philippe-marguet,Sprint Football,2005,,"Drug Discovery, Target Biochemistry ...",Technology,"Glen Ridge, N.J."
Phil Pozdnyakov,,https://www.linkedin.com/in/phil-pozdnyakov,Men's Swimming And Diving,2024,,Design Engineer ‚Äì Improving reliability ...,Technology,"Carlsbad, Calif."
Peter McDonough,,https://www.linkedin.com/in/peterbmcdonough,Football,2015,,Executive Assistant / Administrative ...,Media,New York
Paul Casavant,paul.casavant@modernatx.com,https://www.linkedin.com/in/paul-casavant-640492160,Men's Cross Country,2021,Modernatx,Engineer II in RNA Process Development ...,Healthcare,"Hampden, Maine"
Oscar Boochever,,https://www.linkedin.com/in/oscar-boochever-531010ba,Football,2019,,Leveraging data for more equitable and ...,,"Washington, D.C."
Olivia Wherry,,https://www.linkedin.com/in/olivia-wherry-678a32bb,Women's Squash,2016,,"Sr Director, Product | Fan Engagement & ...",Technology,"Brooklyn, N.Y."
Olivia Tometich,,https://www.linkedin.com/in/olivia-tometich-ma-qmhp-0486531a3,Women's Gymnastics,2021,Emergency Services,Emergency Services Clinical ...,Healthcare,"Novi, Mich."
Olivia Friedberg,,https://www.linkedin.com/in/olivia-friedberg-219170207,Field Hockey,2024,Graduate of Cornell University,Graduate of Cornell University Nolan ...,Consulting,
Nnaemeka Echebiri,,https://www.linkedin.com/in/nnaemeka-echebiri,Men's Track And Field,2009,,Interventional Spine & ...,Healthcare,"New York, N.Y."
Nikolia Kanaris,nikolia@mph.bank,https://www.linkedin.com/in/nikolia-kanaris-384552165,Women's Track And Field,2020,"MPH, Public Health","MPH, Public Health Policy and ...",Healthcare,New York
Nick Tripoli,,https://www.linkedin.com/in/nicktripoli,Sprint Football,2011,,"Senior Program Manager, Other Bet People ...",Technology,San Francisco
Nick Athanasopoulos,,https://www.linkedin.com/in/nick-athanasopoulos-134994190,Men's Track And Field,2015,,Recruitment and Development ...,,"Fitzwilliam, N.H."
Timothy Lewis,,https://www.linkedin.com/in/nicholaskho,Wrestling,1981,,Featured in Global NYT Bestseller ...,,"Erie, Pa."
Nicholas Laboy,,https://www.linkedin.com/in/nicholas-laboy-080b69209,Football,2024,,Pre-Med Student & Football Athlete ...,Education,New York
Nic Jedema,,https://www.linkedin.com/in/nic-jedema-1ba0bbb1,Rowing,2017,,Structured Information Retrieval and ...,Technology,"Pittsburgh, Pa."
Nathan Crabtree,,https://www.linkedin.com/in/nathan-crabtree-2a7a6614,Men's Track And Field,2009,Environmental Planning/Resource ...,Environmental Planning/Resource ...,Media,"Bend, Ore."
Mitchell Curl,,https://www.linkedin.com/in/mitchell-curl,Men's Cross Country,2023,,Human Resources Leadership Development ...,Technology,"West Lafayette, Ind."
Mike Seagram,,https://www.linkedin.com/in/mikeseagram,Baseball,1985,,Cornell University - Dallas-Fort Worth ...,Technology,"Grosse Pointe Woods, Mich."
Mike Tarnapoll,,https://www.linkedin.com/in/mike-tarnapoll,Rowing,2015,,üå± Transforming Go-to-Market Strategy ...,Finance,Boston
Michelle Colacion,,https://www.linkedin.com/in/michelle-colacion-177020a,Women's Rowing,2009,,Principal: Enterprise Performance ...,,"Farmington, CT"
Mich√®le Garceau,,https://www.linkedin.com/in/michele-garceau-762a26138,Women's Squash,2018,Head of Product Management,Head of Product Management and ...,Technology,"Surrey, British Columbia"
Michael Hudson,,https://www.linkedin.com/in/michaelshudson,Baseball,2007,,"Director, Innovation Lead, Operating ...",,"Bloomfield Hills, Mich."
Michael Ryan,,https://www.linkedin.com/in/michael-ryan-12652aa,Baseball,1976,,Women's Health & Urology Product Sales ...,Healthcare,New York
Michael Malizia,,https://www.linkedin.com/in/michael-malizia11,Football,1999,,"Protecting Collectors, Creators & High ...",,"Allendale, N.J."
MIchael Johnson,mejohnson@zoomtown.com,https://www.linkedin.com/in/michael-johnson-6939ab4,Football,1981,,"UltraCare Liaison, Associate ...",,"Cincinnati, OH"
Michael Connors,,https://www.linkedin.com/in/michael-connors-10150060,Men's Lacrosse,2008,"Executive Director , Non-Bank","Executive Director , Non-Bank Financial ...",Finance,"Manhasset, N.Y."
Meredith Drummond,,https://www.linkedin.com/in/meredith-drummond-16618972,Women's Swimming And Diving,2015,,"Senior Consultant, Data & Analytics ...",Consulting,"Midlothian, Va."
Melinda Mathis,,https://www.linkedin.com/in/melindamathisclark,Rowing,2009,,PEAK TO PEAK FAMILY MEDICINE ...,Healthcare,"Bethesda, Ma."
Megan Statkewicz,,https://www.linkedin.com/in/megan-statkewicz-balliet-23b80047,Women's Cross Country,2006,,Board-Certified Foot and Ankle ...,Healthcare,Boston
Megan Cameron,,https://www.linkedin.com/in/megan-cameron-mha-328a0a1b5,Women's Track And Field,2021,,Business Operations Manager ...,Technology,"Dublin, Ohio"
Meagan Berry,,https://www.linkedin.com/in/meagankberry,Women's Rowing,2013,,Enablement Evangelist | Revenue Ops ...,,"Haverton, Pa."
Meagan McMahan,,https://www.linkedin.com/in/meagan-mcmahan-bb75194,Womens Soccer,1987,,"Consultant, Life Sciences Retained ...",Technology,"Lewiston, NY"
Max Martinez,,https://www.linkedin.com/in/maxwellmartinez,Football,2013,,"Founder, Strategist, Producer, Walking ...",Media,New York
Max Wilkinson,,https://www.linkedin.com/in/max-wilkinson-b86562108,Men's Golf,2017,,Middle Market Relationship Manager ...,Finance,San Francisco
Max Van Bourgondien,,https://www.linkedin.com/in/max-van-bourgondien-84291279,Men's Lacrosse,2014,,"Director, Commercial Real Estate ...",Real Estate,New York
Max Huffman,,https://www.linkedin.com/in/max-huffman-64aa2212/fr,Rowing,1995,,Vice doyen et Samuel R. Rosen professeur ...,Consulting,"Anchorage, Alaska"
Matt Miller,,https://www.linkedin.com/in/matt-miller-42723943,Baseball,2006,Senior Financial Associate of The Ross Group,Senior Financial Associate of The Ross Group ...,Technology,"Gaithersburg, Md."
Matt Langseth,matt@wealthmanagementinc.com,https://www.linkedin.com/in/matt-langseth-chfc%C2%AE-69491638,Baseball,2011,Wealth Management,Wealth Management and Financial ...,Finance,"San Ramon, Calif."
Mary-Alice Davison,,https://www.linkedin.com/in/mary-alice-davison-b29413124,Women's Cross Country,2018,,"Senior Associate, AI, Data and ...",Technology,"London, England"
Mark DuBois,,https://www.linkedin.com/in/mark-dubois-29153952,Football,1975,,RETIRED!!!! Former Water Resources ...,,"Niagara Falls, N.Y."
Margaux Losty,,https://www.linkedin.com/in/margaux-losty-22869a118,Women's Squash,2018,,Engagement Manager - Private Equity ...,Consulting,"Radnor, Pa."
Marcello DiStasio,,https://www.linkedin.com/in/marcello-distasio,Football,2006,,"Assistant Professor, Yale Departments ...",,"Syracuse, N.Y."
Marc Van Burck,,https://www.linkedin.com/in/marc-van-burck-cfa-79b59b31,Men's Basketball,2010,,"Customer focused, Collaborative ...",,"Star City, Sask."
Malick Diomande,,https://www.linkedin.com/in/malick-diomande-a19b1b23b,Men's Track And Field,2020,Union College,"Assistant Coach, Union College Cross ...",Sports,"Glenmont, N.Y."
Maddie Watson,,https://www.linkedin.com/in/maddie-watson-cornell,Women's Gymnastics,2023,,Sustainability Leadership Program ...,Technology,"Glastonbury, Conn."
Macey Wilson,,https://www.linkedin.com/in/macey-wilson,Women's Volleyball,2017,,Doctoral Student in the Roberts-Galbraith ...,Education,"Round Rock, Texas"
Luke Duby,,https://www.linkedin.com/in/luke-duby-972380234,Football,2024,,Cornell University Graduate - Masters Student ...,Education,"Lexington, Ky."
Louisa Bjerke,,https://www.linkedin.com/in/louisabjerke,Women's Sailing,2022,,"Managing Consultant, Energy Supply ...",Consulting,"Greenwich, Conn."
Lily Barber,,https://www.linkedin.com/in/lily-barber-m-ed-252440129,Women's Volleyball,2020,,"Ambitious, compassion-forward, and ...",,"Corte Madera, Calif."
Libby Mosko,,https://www.linkedin.com/in/libby-mosko-73206897,Women's Rowing,2016,,National Account Manager for E&J Gallo ...,Technology,"Bethesda, Md."
Lewis Sweeney,,https://www.linkedin.com/in/lewis-sweeney-6391ba89,Football,2016,,Sales and Business Development ...,Consulting,"St. Louis, Mo."
Liz Caracciolo,,https://www.linkedin.com/in/lcaracciolo,Womens Basketball,1993,,"Change Leader, Strategist, Presenter ...",,"Lawrence, NY"
Lauren Marchese,,https://www.linkedin.com/in/laurenrmarchese,Women's Swimming And Diving,2014,,Senior marketing professional with over ...,Media,"Hamburg, N.Y."
Lauren McLemore,,https://www.linkedin.com/in/laurenmclemore,Women's Lacrosse,2011,,Lead Producer with experience ...,Media,"Annandale, VA"
Lauren Bariexca,,https://www.linkedin.com/in/laurenbariexca,Women's Cross Country,2011,,Enterprise Relationship Manager ...,,"Hackettstown, N.J."
Lauren Wong,,https://www.linkedin.com/in/lauren-wong-821268197,Women's Gymnastics,2018,,Clinical Research Coordinator in Breast ...,Healthcare,"Monterey Park, Calif."
Lauren Baumann,,https://www.linkedin.com/in/lauren-baumann-2a16424,Womens Cross Country,2002,,Sustainability and Energy Efficiency ...,,"Sound Beach, NY"
Laura Danforth,,https://www.linkedin.com/in/laura-danforth-41201622,Women's Ice Hockey,2010,,"Senior Director, Digital Revenue & Sales ...",Consulting,"Grosse Point, MI"
Larry Thelmas,,https://www.linkedin.com/in/larry-thelmas-96b96721,Football,1989,,Commercial energy efficient lighting ...,Healthcare,"Ann Arbor, Mich."
Larry Smith,,https://www.linkedin.com/in/larry-smith-a406166,Football,1987,,"VP, Business Development, The Belt's ...",,"Timonium, Md."
Larry Skoczylas,skocz2332@gmail.com,https://www.linkedin.com/in/larry-skoczylas-dds-ms-03869014,Football,1978,,"Owner, Midland Oral and ...",,"Maxillofacial Surgery, PC"
Laly Vandenberghe,,https://www.linkedin.com/in/lalyvandenberghe,Women's Swimming And Diving,2016,,Loyalty Strategy & Transformation ...,Consulting,"Antwerp, Belgium"
Kyle Freeman,,https://www.linkedin.com/in/kyle-freeman-1186824,Field Hockey,1995,,Grief Doula & Grief Coach / Interior ...,Technology,Boston
Katherine Simmons,,https://www.linkedin.com/in/ksimmons1,Women's Lacrosse,2009,,"Cornerstones of Maine, Life Skills ...",Education,"Salisbury, CT"
Kristin Sellers,,https://www.linkedin.com/in/kristin-sellers-phd-79040826,Women's Cross Country,2011,,"Assistant Professor, Department of ...",Education,"Naperville, Ill."
Kristen Rhinehardt,,https://www.linkedin.com/in/kristen-rhinehardt-b6015043,Women's Track And Field,2010,,Associate Professor and Assistant ...,Education,"High Point, N.C."
Kisa Kiingi,,https://www.linkedin.com/in/kisaregankiingi,Men's Soccer,2024,,Professional Soccer Player for Minnesota ...,Sports,"Bethesda, Md."
Kira Pritchard,,https://www.linkedin.com/in/kirapritchard,Women's Rowing,2013,,"Senior Program Officer, Laurie M. Tisch ...",Nonprofit,"Buffalo, N.Y."
Kieran Kinnare,,https://www.linkedin.com/in/kieran-kinnare,Men's Cross Country,2015,,Experienced ESG Reporting and GHG ...,,"Ipswich, Mass."
Khary Pryce,,https://www.linkedin.com/in/kharypryce,Women's Tennis,2022,,Suffolk County District Attorney's Office ...,Law,Boston
Kevin Raesly,,https://www.linkedin.com/in/kevinraesly,Men's Lacrosse,2012,,"Director - Consumer / Food, Beverage, and ...",Technology,"Potomac, Md."
Kevin Rex,,https://www.linkedin.com/in/kevin-rex-morton,Football,2006,,Empowering families to face the future ...,Nonprofit,Los Angeles
Kevin Nee,,https://www.linkedin.com/in/kevin-nee-9085582a,Men's Lacrosse,2006,"Executive Director, Private Wealth","Executive Director, Private Wealth Advisor with ...",Finance,"Canton, N.Y."
Kevin Nathanson,,https://www.linkedin.com/in/kevin-nathanson,Sprint Football,2017,,National Academy of Sports Medicine ...,Sports,New York
Kevin Bassney,,https://www.linkedin.com/in/kevin-bassney,Sprint Football,2012,,Altana AI ‚Äî Developing Secure Supply ...,Technology,"Reno, Nev."
Kendra Nealey,,https://www.linkedin.com/in/kendranealey,Women's Ice Hockey,2021,,MBA Candidate | UVA Darden Class of ...,Education,"Chicago, Ill."
Kelly Marble,,https://www.linkedin.com/in/kellymarble,Women's Volleyball,2014,,"‚òÄÔ∏èüîãC&I + Utility Solar PV, Energy Storage ...",Technology,"Davie, Fla."
Kelly Reinke,,https://www.linkedin.com/in/kelly-reinke-8b7a5584,Women's Volleyball,2015,,"President, Molecular Products & Purafil ...",Technology,"Glen Ellyn, Ill."
Kelley McGoldrick,,https://www.linkedin.com/in/kelleymcgoldrick,Womens Gymnastics,1985,,Private Wealth Advisor ...,Consulting,"Worcester, Mass."
Keith Reitenbach,,https://www.linkedin.com/in/keith-reitenbach-534243b,Mens Lacrosse,1979,,"Baltimore City County, Maryland, United ...",Media,"Binghamton, NY"
Kevin Keane,,https://www.linkedin.com/in/keanetoxpath,Football,1990,,Senior Director of Pathology & Editor-in- ...,,"Harrisburg, Pa."
Katie Smith,,https://www.linkedin.com/in/katiesmithwildpath,Equestrian,2016,,üó∫Ô∏è Your Guide Through the Wilderness of ...,,"Chappaqua, N.Y."
Catherine McBain,,https://www.linkedin.com/in/katiemcbainesq,Women's Track And Field,2007,,"Trial attorney focusing on sex abuse, ...",Consulting,"Auburn, Calif."
Katie Johnson,,https://www.linkedin.com/in/katie-johnson-slp,Women's Cross Country,2015,Speech-Language ...,Speech-Language ...,Healthcare,"Temecula, Calif."
Katie Garrity,,https://www.linkedin.com/in/katie-ashforth-cfa,Field Hockey,2016,,"Vice President, Director of ...",,"San Carlos, Calif."
Kasia Preneta,,https://www.linkedin.com/in/kasia-preneta-6b355143,Women's Tennis,2007,,"Associate Counsel, Office of General ...",Law,"Boston, Mass."
Karen Mineo,,https://www.linkedin.com/in/karen-mineo-01557911,Womens Volleyball,1976,,Currently Managing Consultant ...,,"Massapequa Park, N.Y."
Kara Maloy,,https://www.linkedin.com/in/kara-maloy-south-cfa-88746717a,Womens Tennis,2006,,"Partner, Municipal Bond Portfolio ...",,"Cotuit, Mass."
Kara Buscaglia,,https://www.linkedin.com/in/kara-buscaglia-2900555,Womens Gymnastics,1999,,CANDIDATE FOR AMHERST TOWN ...,,New York
Kaitlin Dufton,,https://www.linkedin.com/in/kaitlindufton,Women's Soccer,2007,,Professional Connector. Learnaholic. Doer. ...,Technology,"New City, NY"
Kahlil Reid,,https://www.linkedin.com/in/kahlilreid,Football,1991,,Managing Partner | Healthcare Tech & Active ...,Healthcare,"Queens, N.Y."
Justin Wei,,https://www.linkedin.com/in/justin-wei-249bab222,Men's Track And Field,2024,,Engineer with a BS in Mechanical ...,Technology,"Mount Sinai, N.Y."
Justin Dunleavy,,https://www.linkedin.com/in/justin-dunleavy-71505a30b,Football,2002,,Water Island Capital - The Arbitrage ...,Technology,"Ridgefield Park, N.J."
Julianne Mangano,,https://www.linkedin.com/in/julianne-mangano-128663157,Field Hockey,2021,Revenue Management,Revenue Management Analyst ...,Technology,
Julianne Berry-Stoelzle,,https://www.linkedin.com/in/julianne-berry-stoelzle,Women's Sailing,2025,,Mechanical Engineering MEng ...,Technology,New York
Julian Chan,julian@director.events,https://www.linkedin.com/in/julianchan1,Men's Swimming And Diving,2012,"Director Events, Experiential, Partners","Director Events, Experiential, Partnerships & ...",,"Vancouver, B.C."
Julian Collett,,https://www.linkedin.com/in/julian-collett,Men's Rowing,2015,,Director of Development and Asset ...,Real Estate,New York
Joseph Ward,,https://www.linkedin.com/in/joseph-ward-cfa-9a352b56,Wrestling,2002,,Head of Equity Trading - Virtus Shared ...,,Atlanta
Jordan Rusoff,,https://www.linkedin.com/in/jordan-rusoff-49b58a19b,Fencing,2021,,"Executive Recruiter, Heidrick & Struggles ...",Consulting,New York
Jordan Calaguire,,https://www.linkedin.com/in/jordan-calaguire-83ab144,Football,2006,Chief Investment,Chief Investment and Development ...,Finance,"Medfield, Mass."
Jonathan Lucas,jonathan@invest.gov.pk,https://www.linkedin.com/in/jonathan-lucas-caia-cfa-a7aa4a3a,Football,2007,Head of Investment,Head of Investment Oversight ...,Finance,"Wheat Ridge, Colo."
Jonathan Donville,,https://www.linkedin.com/in/jonathan-donville-696485132,Men's Lacrosse,2022,,Professional Lacrosse Player and ...,Sports,"Oakville, Ont."
Jonathan Chamberlain,,https://www.linkedin.com/in/jonathan-chamberlain-82914297,Men's Rowing,2013,,Flexicoker Business Team Lead ...,,"Newark, Del."
Jon Jaques,,https://www.linkedin.com/in/jon-jaques-82140732,Men's Basketball,2010,,"Head Coach, Men's Basketball, Cornell ...",Sports,New York
John Samuel,,https://www.linkedin.com/in/johntsamuel,Sprint Football,2007,,"Partner and Managing Director, Retail & ...",Technology,"Philadelphia, Pa."
John Nurthen,,https://www.linkedin.com/in/john-nurthen-41299423,Baseball,1980,,"Realtor in the Charlotte, NC and Fort Mill ...",Technology,"Ridley Park, Pa."
John McCarron,,https://www.linkedin.com/in/john-mccarron-15188691,Men's Ice Hockey,2015,,"Investment Portfolio Manager, Hoffmann ...",Finance,"Macomb, Mich."
John Inserra,,https://www.linkedin.com/in/john-inserra-8a01a8121,Football,1987,,"Retired C-Level Executive, Hotels, ...",Healthcare,"Park Ridge, Ill."
John  Hardy,,https://www.linkedin.com/in/john-hardy-90b9a55,Baseball,2004,,Senior Managing Director Portfolio ...,,New York
Joe Pierik,,https://www.linkedin.com/in/joepierik,Football,2017,,Commercial Real Estate Broker ...,Real Estate,"Corona, Calif."
Joel Cooper,,https://www.linkedin.com/in/joel-a-cooper,Rowing,2017,,Insights & Strategy | Oxford MBA '24 | Bain & ...,Consulting,"New York, N.Y."
Joe Toscano,,https://www.linkedin.com/in/joe-toscano-6a748524,Baseball,1990,,Vice President/Director Trade and Industry ...,,"Rochester, N.Y."
Joan Guilfoyle,,https://www.linkedin.com/in/joansguilfoyle,Womens Rowing,1985,,"Senior Counsel, Capital Markets, Loeb & ...",Law,"Hanover, MA"
Jimmy Lannon,,https://www.linkedin.com/in/jimmy-lannon-9aa60576,Men's Soccer,2012,"Vice President, Bank","Vice President, Bank Portfolio Manager ...",Finance,"Tinton Falls, N.J."
Jim Dobens,,https://www.linkedin.com/in/jim-dobens-9556914a,Baseball,1978,,CBD Global Manager ISC Team for ...,,"Nashua, N.H."
Jill Greiner,,https://www.linkedin.com/in/jillgreiner,Women's Rowing,2009,,Water Efficiency Coordinator | 10+ Years in ...,Technology,"Norwalk, CT"
Jessy Garcia,,https://www.linkedin.com/in/jessy-garcia-0574a971,Sprint Football,2016,,"Associate Director, Global Marketing ...",Technology,Boston
Jessica Gunter,,https://www.linkedin.com/in/jessica-ritchie-b66a22175,Womens Soccer,1999,,"U.S. Department of Justice, Criminal ...",,"Boulder, CO"
Jesse Braun,,https://www.linkedin.com/in/jesse-braun-a25b833a,Men's Track And Field,2015,,Sr. Material Engineer - Elastomers & ...,Technology,"Medina, Ohio"
Jeramy Sweany,,https://www.linkedin.com/in/jeramy-sweany,Wrestling,2019,,Vice President - Development & ...,,"Vacaville, Calif."
Jennifer Neubauer,,https://www.linkedin.com/in/jennifer-neubauer-7075198,Women's Lacrosse,2010,,Vice President & Deputy General ...,Finance,"Hereford, MD"
Jennifer Kelly,,https://www.linkedin.com/in/jennifer-kelly-lachmayr-b9380a67,Fencing,1985,,New England Water ...,,"Huntington, NY"
Jeff Supulski,,https://www.linkedin.com/in/jeffsupulski,Football,1980,,Account Manager - Hotsy Nortex Sales & ...,,"Dallas, PA"
Jeff Doughty,,https://www.linkedin.com/in/jeffdoughty,Mens Lacrosse,1987,,Culligan Quench VP of National Accounts ...,,"Manlius, NY"
Jeff Kniple,,https://www.linkedin.com/in/jeff-kniple-76789a50,Football,1992,,Assistant Athletic Director ...,Media,"Lansing, Mich."
John Carlucci,,https://www.linkedin.com/in/jbcarlucci,Wrestling,1986,,Founder/Vice President of AI & Software ...,Technology,"Yorktown Heights, N.Y."
Jeffrion Aubry,,https://www.linkedin.com/in/jaubry42,Mens Basketball,1999,,"Executive Director, Next Gen Basketball ...",Media,New York
Jason Mitchell,,https://www.linkedin.com/in/jason-mitchell-62119986,Men's Basketball,2007,,"Senior Vice President, Employee Benefits ...",Healthcare,"Saluda, S.C."
Jason Landrum,,https://www.linkedin.com/in/jason-landrum-53044a5,Football,2001,,üåç Strategic Leader | Science & Policy ...,,"Coral Gables, Fla."
Jasmine LaCoursiere,,https://www.linkedin.com/in/jasmine-lacoursiere-45523092,Women's Swimming And Diving,2014,,Innovating Clinical Data Workflows ...,Healthcare,"Parkland, Fla."
Jarrod Watson-Lewis,,https://www.linkedin.com/in/jarrod-watson-lewis-92173369,Football,2016,,"Regional Sales Manager, Sports ...",Media,Los Angeles
Jarin Jackson,,https://www.linkedin.com/in/jarin-jackson-4b1b3a9,Football,2007,,"Senior Counsel & Director, Intellectual ...",Law,"New Orleans, La."
Jane Stevens,,https://www.linkedin.com/in/jane-stevens-a4263b15a,Equestrian,2022,,Associate Researcher and MDSAI Student ...,Technology,"Darien, Conn."
Jane Janeczek,,https://www.linkedin.com/in/jane-janeczek-0996716,Womens Basketball,1986,,"Managing Director, Global Account ...",Technology,"Hamden, CT"
Mecha Santos,,https://www.linkedin.com/in/jamienne-mecha-santos-1006b9136,Women's Track And Field,2011,,Management Consultant ...,,"San Antonio, Texas"
James Smith,,https://www.linkedin.com/in/james-smith-2397aa122,Men's Track And Field,2018,Management Consulting,Management Consulting ...,Consulting,"Greenwich, Conn."
Jake Lustig,,https://www.linkedin.com/in/jaketlustig,Men's Golf,2021,,"Ph.D. Candidate, Glial Pathology Lab ...",Education,"Somers, N.Y."
Jake Rinow,,https://www.linkedin.com/in/jake-rinow,Men's Soccer,2014,,Director of Business Development and Sales ...,Technology,"Lancaster, N.Y."
Jake McCulloch,,https://www.linkedin.com/in/jake-mcculloch-693672105,Men's Lacrosse,2020,Senior Underwriter - Financial,Senior Underwriter - Financial Institutions ...,Finance,"Stony Brook, N.Y."
Jacqueline Wagner,,https://www.linkedin.com/in/jacquelinegwagner,Women's Squash,2015,,Outdoor Apparel Merchandising ...,Technology,"Portland, Ore."
Adam Jacobs,ajacobs@xzom.com,https://www.linkedin.com/in/jacobsadam,Baseball,2009,Xzom,Early Enough. Making Reliable ...,,"Del Mar, Calif."
Jacob Weston,,https://www.linkedin.com/in/jacob-weston,Baseball,2018,,Managing Director and Portfolio ...,Finance,"Corona, Calif."
Jacob Shusko,,https://www.linkedin.com/in/jacob-shusko,Rowing,2021,,Graduate Student in Operations Research ...,Education,"Sarasota, Fla."
Jaclyn Katz,,https://www.linkedin.com/in/jaclyn-katz-gillman-b4a0894b,Women's Soccer,2015,,"Vice President, One Goldman Sachs ...",Finance,"Westport, Conn."
Jackson Stone,,https://www.linkedin.com/in/jackson-stone-0304b8199,Rowing,2023,,Founder of Stone Meets Clay and Former ...,,"Newton, Mass."
Jack Powers,,https://www.linkedin.com/in/jack-powers-2b6461237,Football,2025,Washington University School,Washington University School of Medicine in ...,Healthcare,"St. Louis, Mo."
Jack Dudley,,https://www.linkedin.com/in/jack-dudley-0400b018,Men's Lacrosse,2012,"Principal, Debt Capital","Principal, Debt Capital Markets for Real ...",Finance,New York
Jack Brenneman,,https://www.linkedin.com/in/jack-brenneman,Men's Swimming And Diving,2018,,Senior Software Engineering Manager ...,Technology,"Mechanicsburg, Pa."
Ivan Rudolph,,https://www.linkedin.com/in/ivan-rudolph-shabinsky-175a505,Rowing,1986,,"Director - Division of Business, ...",,New York
Irene Leung,,https://www.linkedin.com/in/irene-leung-99122626,Women's Gymnastics,2011,Brand Management,"Brand Management, Merchandising, Product ...",Technology,"Fremont, Calif."
Imani Davis,,https://www.linkedin.com/in/imani-davis,Women's Track And Field,2019,,Business Strategy & Operations ...,Consulting,"Akron, Ohio"
Ian Holton,,https://www.linkedin.com/in/iholton,Men's Squash,2010,,I build revenue engines for high-growth tech ...,Technology,"Flourtow, Pa."
Ian Rawn,ian@strategy.bg,https://www.linkedin.com/in/ian-rawn-081b34105,Sprint Football,2018,"Strategy & Special Projects, Treville Capital","Strategy & Special Projects, Treville Capital ...",Finance,"Armonk, N.J."
Hunter Wilkinson,,https://www.linkedin.com/in/hunter-wilkinson-071619a1,Equestrian,2021,,Performance Marketing Manager ...,Technology,San Francisco
Hunter Nourzad,,https://www.linkedin.com/in/hunter-n,Football,2022,,Professional Athlete for the Kansas City ...,Sports,"Marietta, Ga."
Lindsay Toppe,,https://www.linkedin.com/in/honora-nora-fallon-oben-12396389,Women's Lacrosse,2016,,Head Women's Lacrosse ...,Sports,"Bedford, N.Y."
Holly Frey,,https://www.linkedin.com/in/holly-frey-314524210,Womens Gymnastics,1983,,"Supervisor, Landscape Architecture and ...",Consulting,New York
Hilary Lemonick,,https://www.linkedin.com/in/hilarylemonick,Women's Lacrosse,2019,,Driving fan and customer acquisition ...,Technology,"Wynnewood, Pa."
Henry Porter,,https://www.linkedin.com/in/henry-porter,Men's Rowing,2010,,"Cornell University - Tompkins County, New ...",Education,"Kittery Point, Maine"
Heidi Kaufman,,https://www.linkedin.com/in/heidi-kaufman,Womens Rowing,1999,,Global Benefits and Expatriate Health ...,,New York
Hayes Nolte,,https://www.linkedin.com/in/hayes-nolte-4b2a87ab,Football,2018,,"Manager, Litigation & Issues Communication ...",Law,Chicago
Jeeter Ishida,,https://www.linkedin.com/in/harrison-jeeter-ishida-jr-9a62b123,Baseball,2013,,"Senior Vice President, Trinity ...",,"Honolulu, Hawaii"
Hannah  Hardaway,,https://www.linkedin.com/in/hannah-zara-hardaway-9097758,Softball,2001,,Independent Photography ...,,"Moultonborough, N.H."
Hanke Govaert,,https://www.linkedin.com/in/hanke-govaert,Field Hockey,2025,,"MRes Cancer Biology student, Imperial ...",Education,
Hana Brett,,https://www.linkedin.com/in/hana-brett15,Women's Swimming And Diving,2021,,Passionate about improving the mental health ...,Healthcare,"Los Altos, Calif."
Graham Ritchie,gmrjr@att.net,https://www.linkedin.com/in/graham-ritchie-a6a2438,Football,1983,,Independent Career Agent United ...,Technology,"Cazenovia, NY"
Glenn Parker,,https://www.linkedin.com/in/glenn-parker87,Women's Track And Field,2025,,Cornell University Alumna and Virology ...,Education,"Trumansburg, N.Y."
Glen Kendall,,https://www.linkedin.com/in/glen-kendall,Sprint Football,2006,,Director & Managing Senior Counsel ...,Law,"Weston, Conn."
Georgia Seehaus,,https://www.linkedin.com/in/georgia-seehaus-526521124,Women's Rowing,2019,,Graduate Student in Preservation ...,Technology,"Rutherford, N.J."
Georgia  Seehaus,,https://www.linkedin.com/in/georgia-seehaus-526521124,Womens Rowing,2019,,Graduate Student in Preservation ...,Technology,"Rutherford, N.J."
Gaynelle Boham,,https://www.linkedin.com/in/gaynelleboham,Women's Track And Field,2017,,Analyst | Sustainable Pricing and ...,Finance,"Cliffwood, N.J."
Gavin Heintschel,,https://www.linkedin.com/in/gavin-heintschel,Football,2025,,Cornell University- Industrial and Labor ...,Education,"Bluffton, S.C."
Gary Biamonte,,https://www.linkedin.com/in/gary-biamonte-637a74242,Wrestling,1974,,"Copywriter, Content Writer, Video Script ...",Technology,"Spencer, N.Y."
Garrett Patla,,https://www.linkedin.com/in/garrett-patla-3a1b6314b,Football,2021,,M&A & Strategic Advisory for Private Markets ...,Consulting,New York
Garrett Beaman,,https://www.linkedin.com/in/garrett-beaman-m-a-59308812b,Men's Rowing,2014,Mental Health,Mental Health Clinician pursuing ...,Healthcare,"San Rafael, Calif."
Frank Ciniglio,,https://www.linkedin.com/in/frank-ciniglio-707798192,Men's Lacrosse,2024,"Coordinator, Suite Services","Coordinator, Suite Services | New York ...",Technology,"Setauket, N.Y."
Eve Glasergreen,eglasergreen@uchicago.edu,https://www.linkedin.com/in/eve-glasergreen2019,Women's Track And Field,2019,University of Chicago,"Writer: Fiction, poetry. PhD student in ...",Education,Chicago
Evan Eisenberg,,https://www.linkedin.com/in/evan-eisenberg-cannabis,Football,2011,,"High-Potency Training Programs, Digital ...",Technology,"Lutz, Fla."
Eva Phair,,https://www.linkedin.com/in/eva-phair,Women's Gymnastics,2024,,Aspiring Graduate Student | Coral Reef ...,Technology,"Cornwall, Vt."
Ellen Mayer,,https://www.linkedin.com/in/eva-phair,Womens Gymnastics,1984,,Aspiring Graduate Student | Coral Reef ...,,"Miami, Fla."
Esther Bentolila,,https://www.linkedin.com/in/esther-bentolila,Fencing,2022,,"Vice President, Acquisitions ...",,"Hollywood, Fla."
Ernst Valery,,https://www.linkedin.com/in/ernst-valery-3929aa4,Football,2000,,"Equity and Inclusion Implementor, ...",,"Nyack, N.Y."
Erika Tillotson,,https://www.linkedin.com/in/erika-tillotson-55496b202,Women's Track And Field,2021,Supply Chain Contract & Capital,Supply Chain Contract & Capital ...,Finance,"Victor, N.Y."
John Lewis,,https://www.linkedin.com/in/ericjewert,Football,1982,,Information Technology Professional / Product ...,,"Dedham, Mass"
Eric Bice,,https://www.linkedin.com/in/eric-bice-46136447,Men's Track And Field,2014,,Principle Program Manager - Block Storage ...,Technology,"Issaquah, Wash."
Emma Shalaway,,https://www.linkedin.com/in/emmashalaway,Women's Basketball,2011,,Marketing Director | Driving Innovative ...,Media,"Cameron, W. Va."
Emma Braband,,https://www.linkedin.com/in/emma-braband-100018323,Women's Cross Country,2025,,"Senior Studying Speech, Language, and ...",Education,"Winnetka, Ill."
Emily Timlin,,https://www.linkedin.com/in/emily-timlin-jaffe-a570b2b,Womens Swimming And Diving,2007,,"Transforming the Way Restaurants, ...",Technology,"Birmingham, MI"
Emily Lenk,,https://www.linkedin.com/in/emily-lenk-ferrell-8b547922,Women's Gymnastics,2010,,Clinical Fellow in Reproductive ...,Healthcare,"Munson Township, Ohio"
Emily Cabral,,https://www.linkedin.com/in/emily-cabral-haag-43341842,Women's Ice Hockey,2006,Commercial Bank,Commercial Banking Relationship ...,Finance,"Colchester, VT"
Emile Chang,,https://www.linkedin.com/in/emilechangjr,Football,2012,Information Technology Services,Information Technology Services ...,Technology,New York
Liz Walker,,https://www.linkedin.com/in/elizabeth-liz-walker-18a10822,Women's Track And Field,2010,,"Global Process, Planning, and ...",,"Chantilly, Va."
Eleanor Smith,,https://www.linkedin.com/in/eleanorjcsmith,Women's Cross Country,2020,,Registered Dietitian (United ...,Healthcare,"New Albany, Ohio"
Barry Kahn,,https://www.linkedin.com/in/drkahn,Mens Cross Country,2003,,Inventor of Dynamic Pricing in Live ...,Media,"East Brunswick, N.J."
Drew Powell,,https://www.linkedin.com/in/drew-powell-,Football,2024,,"Cornell University Alumni, Former Student ...",Education,"Naples, Fla."
Drew Diedrich,,https://www.linkedin.com/in/drew-diedrich-33609390,Football,2017,,"Assistant Vice President, Senior Counsel ...",Law,"Ann Arbor, Mich."
Bruce Coren,,https://www.linkedin.com/in/drbrucecoren,Football,1978,,CEO - Therapeutic Laser Pain ...,,"Newtown Square, PA"
Doug Hershberger,,https://www.linkedin.com/in/doughershberger,Wrestling,1990,,Applying my skills in bioinformatics ...,,"New Palestine, Ind."
Donald Jean,,https://www.linkedin.com/in/donald-jean-3836917,Football,1972,,CEO FocusedBuyer LLC & ...,,"Phillipsburg, NJ"
Dom Albanese,,https://www.linkedin.com/in/dom-albanese,Football,1986,,C-Level Leadership Experience in US ...,,"South Euclid, Ohio"
Dillon Aldrich,,https://www.linkedin.com/in/dillon-aldrich-11599817,Men's Squash,2009,,Account Executive | Purchase Team ...,Technology,"Harrison, N.Y."
Keith Dickey,keith.dickey@td.com,https://www.linkedin.com/in/dickeykeith,Wrestling,2007,TD,Product Manager | Specialist in enterprise ...,Technology,"Lone Jack, Mo."
Dez'mond Brinson,,https://www.linkedin.com/in/dez-mond-brinson-557869171,Football,2022,,"Cornell University Alumni 2022, Core ...",Education,"Savannah, Ga."
Deon Harris,,https://www.linkedin.com/in/deonmharris,Football,1999,,Connecting Brands to Culture Through ...,Technology,"Racine, Wis."
Deirdre Lafferty,,https://www.linkedin.com/in/deirdrelafferty,Women's Lacrosse,2010,,"Vice President, Sports, Gaming & ...",Sports,Denver
Danielle Letourneau,,https://www.linkedin.com/in/dcletourneau,Women's Squash,2015,Professional Squash ...,Professional Squash ...,Sports,"Calgary, Alberta"
Demian Caponi,,https://www.linkedin.com/in/dcaponi,Rowing,2005,,Scaling high impact programs. [moving to ...,Technology,"Manhattan Beach, Calif."
Denis Bilodeau,,https://www.linkedin.com/in/dbilodeau,Baseball,1977,,Global Recruiters of Bridgewater (GRN ...,Finance,"Manchester, N.H."
David Stratton,,https://www.linkedin.com/in/davidwstratton,Rowing,2005,,Customer Sales and Service ...,,"Erie, Pa."
David Cariello,,https://www.linkedin.com/in/davidcariello,Men's Track And Field,2013,,"Enterprise Software Integration, Product ...",Technology,"Morristown, N.J."
David Bray,,https://www.linkedin.com/in/david-bray-360a45a,Mens Lacrosse,1978,,"Retired-Associate Director of Equity, Diversity ...",,"Versailles, NY"
Darragh Brady,,https://www.linkedin.com/in/darragh-brady-96955725,Rowing,2011,,Sr. Regional Preconstruction Manager ‚ñ∂ ...,Technology,"New York, N.Y."
Dario Arezzo,,https://www.linkedin.com/in/dario-arezzo-jd-llm-cfp%C2%AE-8486197,Football,2009,Chief Financial Services,Chief Financial Services ...,Finance,"North Syracuse, N.Y."
Dan Weber,,https://www.linkedin.com/in/danweber01,Rowing,1982,,"MRM Health, Invivo Brands, Fingerpaint ...",,New York
Daniel Trimbur,,https://www.linkedin.com/in/daniel-trimbur-14015914b,Football,2021,,"Strategic Account Manager, GolfNow & ...",Technology,"Bridgeville, Pa."
Dana Daniels,,https://www.linkedin.com/in/danabdaniels,Women's Soccer,2017,,Manager UX Research | Cornell University ...,Education,"Washington, D.C."
Dana Cooperson,,https://www.linkedin.com/in/dana-cooperson-71898a12,Womens Lacrosse,1982,,Ceramic artist and retired TMT strategy ...,,"Valley Forge, PA"
Dan Wedman,,https://www.linkedin.com/in/dan-wedman-b0740ba4,Men's Ice Hockey,2018,,Head of Special Situations & SVP ...,,New York
Courtney Goldstein,,https://www.linkedin.com/in/courtneygoldstein,Womens Track And Field,1995,,People Whisperer who loves ...,Consulting,"Rochester, N.Y."
Courtney Smith,,https://www.linkedin.com/in/courtney-smith-ms-rd-cdces-4949aa22,Women's Cross Country,2011,Registered Dietitian ...,Registered Dietitian ...,Healthcare,"Key Largo, Fla."
Courtney Armbruster,,https://www.linkedin.com/in/courtney-armbruster-56474b108,Womens Track And Field,1999,,Director of Marketing & ...,Consulting,"Los Alamos, N.Y."
Corri Levine,,https://www.linkedin.com/in/corri-b-levine,Rowing,2011,,Faculty member focused on ...,Education,"Honeoye Falls, N.Y."
Corey Marsh,,https://www.linkedin.com/in/corey-marsh-784bb4103,Men's Soccer,2013,,"Technology Operations Manager, Global ...",Technology,"Cranbury, N.J."
Corey Dowe,,https://www.linkedin.com/in/corey-dowe-2a5143a0,Women's Cross Country,2015,,Health and Family and Consumer Science ...,Education,"Barrington, N.H."
Cooper Telesco,,https://www.linkedin.com/in/cooper-telesco-a2613b127,Men's Lacrosse,2021,,VP of Operations and Business ...,Manufacturing,"Ridgewood, N.J."
Connor Young,,https://www.linkedin.com/in/connoryoung33,Sprint Football,2020,,Technical Program Manager ...,Technology,"Palo Alto, Calif."
Colby Wyatt,,https://www.linkedin.com/in/colby-wyatt-0b565a197,Baseball,2021,Baseball Systems,Baseball Systems Operator with Hawk-Eye ...,Sports,Atlanta
Claudel Jean-Pierre,,https://www.linkedin.com/in/claudel-jean-pierre-md-b7a41538,Football,1992,,Assistant Professor of OB/GYN ...,,"Pierre, MD"
Claire Wolfe,,https://www.linkedin.com/in/clairekwolfe,Field Hockey,2024,Graduate from Cornell University,Graduate from Cornell University with a ...,Education,
Claire Perry,,https://www.linkedin.com/in/claire-perry-7a16aa9,Women's Basketball,2007,,Director of Communications with the Center ...,Media,"Doylestown, PA"
Ciara Roche,,https://www.linkedin.com/in/ciara-roche,Women's Cross Country,2020,,"Durham, North Carolina, United ...",Technology,"Freehold, N.J."
Christy Johannessen,,https://www.linkedin.com/in/christy-johannessen-0245105,Womens Soccer,1992,,Experienced Process Automation ...,Technology,"Skillman, NJ"
Chris Donohoe,,https://www.linkedin.com/in/christopherdonohoe,Men's Swimming And Diving,2009,,"Management Consultant, Coach, and ...",Consulting,"St. Cloud, Fla."
Christopher Mazoue,christopher.mazoue@prismahealth.org,https://www.linkedin.com/in/christopher-mazoue-m-d-17751879,Football,1992,,University of South Carolina ...,Media,"Columbia, SC"
Christine Ferguson,,https://www.linkedin.com/in/christine-h-ferguson,Women's Lacrosse,2016,,Director of User Experience Research ...,Technology,"Weston, Mass."
Christina Tasho,,https://www.linkedin.com/in/christina-tasho-3b3b358,Equestrian,2006,,"Design, Operations and Project ...",Healthcare,"Easton, MA"
Christina Peruto,,https://www.linkedin.com/in/christina-peruto-m-d-94876423b,Field Hockey,2001,,Spiritual Warrior 300 hr advanced ...,Consulting,"Gwynedd Valley, Pa."
Chris Murray,cmurray@timberlinerev.com,https://www.linkedin.com/in/chris-murray-4682193a,Football,2012,Timberlinerev,Managing Director - Head Of Asset ...,Finance,"Bronxville, N.Y."
Chris Massing,,https://www.linkedin.com/in/chris-massing-ba90bb9,Rowing,1992,,Operations Leader / Process Improvement ...,,"Tonawanda, N.Y."
Chris Massey,cmassey@salesforce.com,https://www.linkedin.com/in/chris-massey-5a8a7642,Rowing,2013,Salesforce,"Regional Sales Director, Commercial ...",Software,"Wellesley, Mass."
Chris Leonberg,,https://www.linkedin.com/in/chris-leonberg-aia-44273425,Men's Track And Field,2008,Assistant Director of Capital,Assistant Director of Capital Projects ...,Finance,"Moorestown, N.J."
Chris Labbate,,https://www.linkedin.com/in/chris-labbate-5926656,Wrestling,1989,,"Experienced, creative, employee benefits ...",,"East Syracuse, N.Y."
Chris Cochrane,,https://www.linkedin.com/in/chris-cochrane-300ba93,Football,1991,,"Senior Manager, Private Client ...",,New York
Chloe Pendergast,,https://www.linkedin.com/in/chloe-pendergast,Softball,2017,,Hospitality Operations & Development ...,Healthcare,Los Angeles
Charles Mencke,,https://www.linkedin.com/in/charles-mencke,Men's Rowing,2020,,"Educator and Consultant, Urban ...",Education,"Highland Park, Texas"
Casey Brett,,https://www.linkedin.com/in/casey-brett-399b7958,Baseball,2010,,"Senior Vice President, Business ...",Consulting,"Spokane, Wash."
Carter Lindborg,,https://www.linkedin.com/in/carter-lindborg-878b9035,Rowing,2011,,"Orthopaedic Surgeon, Northwestern ...",Healthcare,"Coatesville, Pa."
Caroline Ramsey,,https://www.linkedin.com/in/caroline-ramsey-914140201,Field Hockey,2023,,USA Field Hockey Women's National ...,Sports,
Carl St. John,,https://www.linkedin.com/in/carl-st-john-704528179,Men's Swimming And Diving,2016,,"Population genetics, adaptive ...",Healthcare,"Bethesda, Md."
Camryn Goodman,,https://www.linkedin.com/in/camryn-goodman-57b200a7,Women's Track And Field,2016,,Secondary English Instructional ...,Education,"Houston, Texas"
Mark Baughan,,https://www.linkedin.com/in/c-mark-baughan-crpc-awma-8782731b,Football,1988,,Managing Partner ...,,"Ithaca, N.Y."
C. Mark Baughan,cm55baughan@gmail.com,https://www.linkedin.com/in/c-mark-baughan-crpc-awma-8782731b,Football,1988,,Managing Partner ...,Technology,Foxborough
Brynn McDonald,,https://www.linkedin.com/in/brynn-mcdonald-94600a226,Women's Lacrosse,2025,,Business Development Representative ...,,"Aldie, Va."
Brynn Daniels,,https://www.linkedin.com/in/brynn-daniels,Women's Squash,2016,,Talent Strategist and Recruiter for ...,Consulting,"Saskatoon, Saskatchewan"
Bridgette Rooney,,https://www.linkedin.com/in/bridgetterooney01,Softball,2020,,Regulatory Affairs & Product ...,Consulting,"Hopewell Junction, N.Y."
Bridget Babcock,,https://www.linkedin.com/in/bridget-babcock-bb7661195,Women's Lacrosse,2024,Major League Baseball Partners,Major League Baseball Partnership ...,Sports,"Stratham, N.H."
Brian Butler,,https://www.linkedin.com/in/brianbutlerlancope,Football,2005,,Technical Solutions Architect ...,Technology,"Brookeville, Md."
Brett Cantrell,,https://www.linkedin.com/in/brettcantrell,Sprint Football,2014,,Kinder's Premium Quality Seasonings & ...,Technology,San Francisco
Brandon Stoller,brandon.stoller@currentlodging.com,https://www.linkedin.com/in/brandon-stoller-8a547a4b,Sprint Football,2009,Hospitality Real Estate Investment,Hospitality Real Estate Investment ...,Real Estate,"Tarrytown, N.Y."
Braden Birch,,https://www.linkedin.com/in/braden-birch-49896296,Men's Ice Hockey,2013,,Director of Hockey Operations & Salary Cap ...,Sports,"Hamilton, Ontario"
Boomer Olsen,,https://www.linkedin.com/in/boomer-olsen-25875135a,Football,2016,,Resident Physician and Postdoctoral ...,Healthcare,"Peoria, Ariz."
William Boyce,,https://www.linkedin.com/in/billy-boyce,Men's Rowing,2007,,Head Coach - Harvard Men's Lightweight ...,Sports,"Princeton, N.J."
Ben Francis,,https://www.linkedin.com/in/ben-francis4,Men's Squash,2019,,Electrical Engineer | Passionate about ...,Technology,"Baltimore, Md."
Beatrice Juskeviciute,,https://www.linkedin.com/in/beatricejuskeviciute,Women's Track And Field,2022,,"Mentoring, Relationship and ...",,"Kaunas, Lithuania"
Avery Hasenauer,,https://www.linkedin.com/in/avery-hasenauer-cfp%C2%AE-aif%C2%AE-95b84440,Sprint Football,2015,Senior Financial,Senior Financial ...,Finance,"West Bloomfield, Mich."
Ashley Wolf,,https://www.linkedin.com/in/ashley-n-wolf,Softball,2008,,"Strategic, collaborative, and versatile ...",Consulting,"Spofford, N.H."
Ashley Durik,ashley@land-acquisitions.co.uk,https://www.linkedin.com/in/ashley-durik-766305202,Women's Soccer,2023,Acquisitions and Asset Management,Acquisitions and Asset Management Analyst ...,Consulting,"Louisville, Ky."
Ashish Bhandari,,https://www.linkedin.com/in/ashishbhandari10,Men's Tennis,2010,,"Retail Sales, Merchandising & ...",Technology,New York
Anthony Sabo,,https://www.linkedin.com/in/anthonysabo,Football,2009,,Connecting great companies with the top ...,,"Novi, Mich."
Annika Bissinger,annika.bissinger@finance.gov.ie,https://www.linkedin.com/in/annika-bissinger,Women's Cross Country,2023,Finance & Business Management,Finance & Business Management ...,Finance,New York
Anne Ducey,,https://www.linkedin.com/in/anne-ducey-ortiz,Womens Ice Hockey,1984,,"Director of Planning, Zoning and ...",Consulting,"Massapequa, NY"
Anna Paisley Gray,,https://www.linkedin.com/in/anna-paisley-gray,Women's Rowing,2024,,Masters in Aerospace Engineering '26 ...,Education,"Wilmington, Del."
Anna Hegermiller,,https://www.linkedin.com/in/anna-hegermiller-243782144,Women's Rowing,2014,,"Senior Manager, Account ...",Healthcare,Seattle
Ania McNicholas,,https://www.linkedin.com/in/ania-mcnicholas-mba-41850a1b2,Women's Basketball,2023,Business Development ...,Business Development ...,,
Drew Alston,,https://www.linkedin.com/in/andrew-alston-795bb825,Football,2011,,S-3 Operations Officer | Military Police ...,Government,"Memphis, Tenn."
Analise Peleggi,,https://www.linkedin.com/in/analise-peleggi-a904a93a,Fencing,2011,,"Child/Adolescent Psychiatrist, Cambridge ...",Healthcare,"Delmar, N.Y."
Amy Silino,,https://www.linkedin.com/in/amysilino,Equestrian,1997,,Performance Marketing & Customer ...,,"Syracuse, NY"
Amy Wright,,https://www.linkedin.com/in/amy-wright-3353b47,Field Hockey,1994,,"21st century educator, champion of challenge ...",,"Norwell, Mass."
Amy Snow,,https://www.linkedin.com/in/amy-snow,Womens Soccer,1993,,Independent Certified Coach & Leadership ...,Media,"Apalachin, NY"
Amelia Clute,,https://www.linkedin.com/in/amelia-clute-b96025198,Women's Rowing,2022,,Assistant Georgetown Lightweight Women's ...,Sports,"Alamo, Calif."
Amanda Symons,,https://www.linkedin.com/in/amandasymons,Women's Soccer,2016,,Regional Manager of Client ...,,"Grand Blanc, Mich."
Andrew MacDonald,,https://www.linkedin.com/in/amacdon,Men's Lacrosse,2011,,Acquiring and Building Enduring ...,Technology,"Longmeadow, Mass."
Alyssa Esber,,https://www.linkedin.com/in/alyssaesber,Women's Soccer,2013,,Director of On ...,,New York
Allyson Gaedje,,https://www.linkedin.com/in/allyson-gaedje-61278323b,Women's Cross Country,2022,,Cornell University Graduate with ...,Education,"Stony Brook, N.Y."
Allyson DiMagno,,https://www.linkedin.com/in/allyson-dimagno-bb065946,Women's Basketball,2014,,A board-certified physician in Family ...,Healthcare,
Allison Hamilton,,https://www.linkedin.com/in/allisonhamiltonrohe,Womens Rowing,1995,,"Senior Manager, Strategic ...",,"Chevy Chase, MD"
Allen Michael Capo,,https://www.linkedin.com/in/allenmichaelcapo,Men's Soccer,2018,,Project Manager | Driving Digital ...,,New York
Alex Syrkin,,https://www.linkedin.com/in/alexsyrkin,Women's Swimming And Diving,2025,,Bachelor's of Science in Hospitality ...,Healthcare,"La Canada, Calif."
Alexander Duke,,https://www.linkedin.com/in/alexander-duke-060864284,Sprint Football,2014,,Greater Pittsburgh Orthopaedic ...,Healthcare,"Bronxville, N.Y."
Alex Zadeh,,https://www.linkedin.com/in/alex-zadeh1,Rowing,2024,,Helping enterprises build mission-critical ...,,Boston
Alex Mocarski,,https://www.linkedin.com/in/alex-mocarski-31712a180,Men's Track And Field,2022,,Human Capital Business Intelligence ...,Consulting,"Fairfield, Conn."
Alex Holcombe,,https://www.linkedin.com/in/alex-holcombe-4b36a0287,Men's Track And Field,2011,,Building the world's veterinary emergency ...,,"Souderton, Pa."
Alex Compton,,https://www.linkedin.com/in/alex-comptonusph,Mens Basketball,1997,,Author Guiding Your Child's Athletic ...,Consulting,"Madison, Wis."
Alessandra Cardi,,https://www.linkedin.com/in/alessandra-cardi-479a0542,Rowing,2013,,Cardiac Anesthesiologist and CTICU ...,Healthcare,"Wynnewood, Pa."
Alena Madar,,https://www.linkedin.com/in/alena-madar,Women's Volleyball,2021,,"Senior Associate, Measurement, Learning & ...",Consulting,"Hudson, Ohio"
Alec Rodriguez,arodriguez@sjindustries.com,https://www.linkedin.com/in/alec-rodriguez-clssbb,Football,2023,South Jersey Industries,IT Project Manager II @South ...,Technology,New York
AJ Fiore,aj.fiore@ibm.com,https://www.linkedin.com/in/aj-fiore-5795975a,Men's Lacrosse,2014,IBM,Chief of Staff - GM of Technology Product Sales ...,Technology,"Ithaca, N.Y."
Ailis Clyne,,https://www.linkedin.com/in/ailis-clyne-660163133,Women's Track And Field,2017,,"Maple Technician, Arnot Forest, Cornell ...",Education,"Rockaway, N.J."
Aidan Tierney,,https://www.linkedin.com/in/aidan-tierney-377a90207,Sprint Football,2022,,Assistant Coach & Director of Football ...,Sports,New York
Adam Hollier,,https://www.linkedin.com/in/ahollier,Football,2007,,Committed to doing meaningful work ...,,"Former Director, MI"
Bruno Hortelano-Roig,,https://www.linkedin.com/in/adriandurant,Men's Track And Field,2013,,"Head Coach, Men's Track & Field ...",Sports,"Burlington, Ontario"
Adam Harris,adam.harris@cfa-supply.com,https://www.linkedin.com/in/adamnharris,Football,2012,Chick-fil-A Supply,Senior Principal Team Lead ...,Technology,"Towanda, Pa."
Adabelle Wright,,https://www.linkedin.com/in/adabelle-wright-6791301ab,Women's Gymnastics,2024,,"Medical Assistant, Cornell University ...",Healthcare,"Colorado Springs, Colo."
A.J. Fraser,,https://www.linkedin.com/in/a-j-fraser-1a8108224,Football,2024,,Cornell Junior in CALS IDS studying ...,Education,"Orinda,Calif."
Sam Hogan,,https://uk.linkedin.com/in/samuelhhogan,Football,2023,,"Co-founder of Searchable.com, Get your ...",Technology,"Hudson Falls, N.Y."
Matt Crawford,,https://uk.linkedin.com/in/matt-crawford-b2583417,Men's Cross Country,2016,,(He/him) Travel program optimization ...,,"Delmar, N.Y."
Frank Garry,,https://uk.linkedin.com/in/joseph-neary-a01951101,Rowing,1977,,"Senior Lecturer, Department of Livestock ...",,"East Berne, N.Y."
William Hart,,https://uk.linkedin.com/in/gareth-kavanagh-ab5666b,Football,2010,,Portfolio career in leisure/tourism ...,Healthcare,"Morristown, N.J."
Cosmas Cieplak-Mayr von Baldegg,,https://uk.linkedin.com/in/cosmas-cieplak-mayr,Men's Rowing,2009,Junior Software ...,Junior Software ...,Technology,Boston
Connor Eaton,,https://uk.linkedin.com/in/connor-eaton-16b423137,Men's Rowing,2025,Marine Corp,Marine Corps Officer | Cornell University ...,Government,"London, England"
Annie Berkery,,https://uk.linkedin.com/in/annie-berkery-7bb65124,Women's Lacrosse,2006,,Public Sector Partner Development ...,Government,"Osterville, MA"
Anika Sethy,,https://uk.linkedin.com/in/anika-sethy,Equestrian,2017,,"Skadden, Arps, Slate, Meagher & Flom LLP ...",Law,"Manhattan Beach, Calif."
David Hill,,https://uk.linkedin.com/in/adam-lorenc-b459576,Football,1975,,"Expert in architecture, interiors & building ...",,"Norwell, Mass."
Kim Portmess,,https://pa.linkedin.com/in/kimportmess,Womens Rowing,2004,,Headquarters Manager & STeP Program ...,,"Tully, NY"
Luisa Schulte-Bockum,,https://nl.linkedin.com/in/luisa-schulte-bockum,Field Hockey,2017,,Consumer Strategy & Marketing ...,Consulting,"Ascot, Eng."
Saloni Kantaria,,https://ke.linkedin.com/in/saloni-kantaria-mathur-02352916a,Womens Tennis,2003,,Founder of Reform Cycling and ...,Technology,"Nairobi, Kenya"
James O'Neil,,https://gu.linkedin.com/in/james-o-neil-do-610a0821,Men's Swimming And Diving,2013,,Gynecologic Surgery & Obstetrics ...,Healthcare,"Wantagh, N.Y."
Michael Turri,,https://fr.linkedin.com/in/michaelturri,Mens Squash,1998,,Founder | Operating Partner | Product x ...,Technology,"Rochester, N.Y."
Alizee Touchot,,https://fr.linkedin.com/in/alizeetouchot/en,Equestrian,2014,,Digital Marketing & Project Management ...,,"Saint Lunaire, France"
Vincenzo Marozzi,,https://ca.linkedin.com/in/vincenzo-marozzi-cfp%C2%AE-pfp%C2%AE-317485108,Men's Ice Hockey,2015,Investment & Wealth,Investment & Wealth ...,Finance,"Edmonton, Alberta"
Sunny Edmunds,,https://ca.linkedin.com/in/sunnyedmunds,Womens Rowing,1990,,"Community Volunteer, Board Director ...",,"Stony Brook, NY"
Rebecca Hazell,,https://ca.linkedin.com/in/rebeccahazell,Women's Squash,2010,,"Product Manager, Digital ...",Technology,"Toronto, Ont."
Rebecca Johnston,,https://ca.linkedin.com/in/rebecca-johnston-b8398095,Women's Ice Hockey,2011,,3x Olympic Gold Medalist 1x ...,Sports,"Sudbury, Ontario"
Nate McDonald,,https://ca.linkedin.com/in/nate-mcdonald,Men's Ice Hockey,2022,,"Assistant Coach, North Bay Battalion ...",Sports,"North Bay, Ontario"
Natalie Appleton,,https://ca.linkedin.com/in/natalieappleton,Field Hockey,2010,,"Director, Strategic Initiatives, BC ...",Technology,"Victoria, B.C."
Pearle Nerenberg,,https://ca.linkedin.com/in/myapearlenerenberg,Womens Ice Hockey,2005,,I develop real estate ...,Consulting,"Lachute, QC"
Mitch Carefoot,,https://ca.linkedin.com/in/mitchcarefoot,Men's Ice Hockey,2007,,"Live Entertainment, Oilers ...",Sports,"Dauphin, Man."
Melanie Jue,,https://ca.linkedin.com/in/melaniejue,Field Hockey,2010,,"4X World Champion, Cornell Hall of Fame, ...",Sports,"Richmond, B.C."
Marl√®ne Boissonnault,,https://ca.linkedin.com/in/marl%C3%A8ne-boissonnault-b710a57b,Women's Ice Hockey,2019,,PWHL Minnesota Frost Goalie #33 ...,Media,"Dundee, New Brunswick"
Marguerite  Lorenzo,,https://ca.linkedin.com/in/marguerite-lorenzo-266018170,Womens Track And Field,2021,,CU Boulder Civil Engineering ...,Technology,"Montreal, Quebec"
Marguerite Lorenzo,,https://ca.linkedin.com/in/marguerite-lorenzo-266018170,Women's Track And Field,2021,,CU Boulder Civil Engineering ...,Technology,"Montreal, Quebec"
Len Jankowski,,https://ca.linkedin.com/in/len-jankowski-16a94131,Mens Ice Hockey,1982,,President of Lawson-Taylor Ltd. Industrial ...,Technology,"Port Dover, Ont."
Katie Wilson,katie@client.es,https://ca.linkedin.com/in/katie-wilson-38b52264,Women's Ice Hockey,2011,Client and Patient Care,Client and Patient Care Representative ...,Healthcare,"Uxbridge, Ontario"
Jenna Campagnolo,jcampagnolo@ontarioonecall.ca,https://ca.linkedin.com/in/jenna-campagnolo-cpa-ca-86279a62,Softball,2008,Ontarioonecall,Strategic Operations & ...,Manufacturing,"Guelph, Ont."
Jason Noble,,https://ca.linkedin.com/in/jasonwnoble/ar?trk=people-guest_people_search-card,Men's Lacrosse,2014,"Associate, Client Services - CIBC Capital","Associate, Client Services - CIBC Capital ...",Finance,"Orangeville, Ont."
Jared Seminoff,,https://ca.linkedin.com/in/jaredseminoff,Men's Ice Hockey,2009,,AvePoint Canada | Microsoft 365 ...,Technology,"Nelson, B.C."
Jaime Bourbonnais,,https://ca.linkedin.com/in/jaime-bourbonnais-275120140,Women's Ice Hockey,2020,,Member of the Canadian National ...,Sports,"Mississauga, Ontario"
Erin Payne,,https://ca.linkedin.com/in/erin-payne-53172b11,Women's Track And Field,2009,,"Senior Counsel, Canadian & Caribbean ...",Law,"Surrey, B.C."
Elizabeth Simpson,,https://ca.linkedin.com/in/dannyladouceur,Women's Cross Country,2014,,"Partner, Life Sciences Industry Leader ...",Consulting,"Perkomersville, Pa."
Brendon Nash,,https://ca.linkedin.com/in/brendon-nash-b0835014,Men's Ice Hockey,2010,,Apple Auto Glass Kamloops / Retired ...,Technology,"Kamloops, B.C."
Lukasz Rzycki,,https://be.linkedin.com/in/lukasz-rzycki,Men's Rowing,2018,,Information and Communication Officer ...,,"European Commission, DG"
Marika Cusick,,,Women's Tennis,2017,,Johns Hopkins Bloomberg School of ...,Technology,"Hinsdale, Ill."